order_id,variant_id
order_1,variant_1
order_10,variant_1
order_100,variant_1
order_1000,variant_1
order_1001,variant_1
order_1002,variant_1
order_1003,variant_1
order_1004,variant_1
order_1005,variant_1
order_1006,variant_1
order_1007,variant_1
order_1008,variant_1
order_1009,variant_1
order_101,variant_2
order_1010,variant_1
order_1011,variant_1
order_1012,variant_1
order_1013,variant_1
order_1014,variant_1
order_1015,variant_1
order_1016,variant_1
order_1017,variant_1
order_1018,variant_1
order_1019,variant_1
order_102,variant_3
order_1020,variant_3
order_1021,variant_1
order_1022,variant_2
order_1023,variant_1
order_1024,variant_1
order_1025,variant_1
order_1026,variant_1
order_1027,variant_1
order_1028,variant_3
order_1029,variant_1
order_103,variant_1
order_1030,variant_2
order_1031,variant_3
order_1032,variant_2
order_1033,variant_1
order_1034,variant_2
order_1035,variant_1
order_1036,variant_1
order_1037,variant_1
order_1038,variant_1
order_1039,variant_1
order_104,variant_2
order_1040,variant_1
order_1041,variant_1
order_1042,variant_4
order_1043,variant_1
order_1044,variant_3
order_1045,variant_1
order_1046,variant_1
order_1047,variant_1
order_1048,variant_3
order_1049,variant_1
order_105,variant_2
order_1050,variant_3
order_1051,variant_2
order_1052,variant_1
order_1053,variant_1
order_1054,variant_1
order_1055,variant_2
order_1056,variant_2
order_1057,variant_1
order_1058,variant_1
order_1059,variant_1
order_106,variant_1
order_1060,variant_2
order_1061,variant_2
order_1062,variant_1
order_1063,variant_1
order_1064,variant_4
order_1065,variant_1
order_1066,variant_1
order_1067,variant_1
order_1068,variant_1
order_1069,variant_3
order_107,variant_3
order_1070,variant_1
order_1071,variant_1
order_1072,variant_2
order_1073,variant_5
order_1074,variant_1
order_1075,variant_1
order_1076,variant_2
order_1077,variant_1
order_1078,variant_1
order_1079,variant_1
order_108,variant_2
order_1080,variant_1
order_1081,variant_1
order_1082,variant_1
order_1083,variant_1
order_1084,variant_1
order_1085,variant_1
order_1086,variant_1
order_1087,variant_1
order_1088,variant_1
order_1089,variant_1
order_109,variant_2
order_1090,variant_1
order_1091,variant_2
order_1092,variant_6
order_1093,variant_1
order_1094,variant_1
order_1095,variant_1
order_1096,variant_3
order_1097,variant_1
order_1098,variant_1
order_1099,variant_1
order_11,variant_1
order_110,variant_1
order_1100,variant_2
order_1101,variant_1
order_1102,variant_1
order_1103,variant_1
order_1104,variant_2
order_1105,variant_1
order_1106,variant_1
order_1107,variant_5
order_1108,variant_4
order_1109,variant_1
order_111,variant_1
order_1110,variant_1
order_1111,variant_1
order_1112,variant_1
order_1113,variant_1
order_1114,variant_1
order_1115,variant_1
order_1116,variant_1
order_1117,variant_1
order_1118,variant_1
order_1119,variant_3
order_112,variant_2
order_1120,variant_2
order_1121,variant_1
order_1122,variant_1
order_1123,variant_1
order_1124,variant_1
order_1125,variant_1
order_1126,variant_6
order_1127,variant_5
order_1128,variant_2
order_1129,variant_1
order_113,variant_1
order_1130,variant_1
order_1131,variant_1
order_1132,variant_1
order_1133,variant_1
order_1134,variant_1
order_1135,variant_4
order_1136,variant_2
order_1137,variant_1
order_1138,variant_1
order_1139,variant_1
order_114,variant_1
order_1140,variant_1
order_1141,variant_4
order_1142,variant_3
order_1143,variant_3
order_1144,variant_2
order_1145,variant_1
order_1146,variant_1
order_1147,variant_1
order_1148,variant_1
order_1149,variant_1
order_115,variant_1
order_1150,variant_1
order_1151,variant_1
order_1152,variant_3
order_1153,variant_1
order_1154,variant_1
order_1155,variant_1
order_1156,variant_1
order_1157,variant_1
order_1158,variant_1
order_1159,variant_1
order_116,variant_1
order_1160,variant_2
order_1161,variant_1
order_1162,variant_1
order_1163,variant_2
order_1164,variant_1
order_1165,variant_1
order_1166,variant_2
order_1167,variant_1
order_1168,variant_1
order_1169,variant_2
order_117,variant_2
order_1170,variant_5
order_1171,variant_2
order_1172,variant_2
order_1173,variant_2
order_1174,variant_1
order_1175,variant_1
order_1176,variant_3
order_1177,variant_1
order_1178,variant_1
order_1179,variant_1
order_118,variant_2
order_1180,variant_1
order_1181,variant_1
order_1182,variant_1
order_1183,variant_1
order_1184,variant_1
order_1185,variant_1
order_1186,variant_1
order_1187,variant_1
order_1188,variant_2
order_1189,variant_1
order_119,variant_2
order_1190,variant_1
order_1191,variant_1
order_1192,variant_1
order_1193,variant_1
order_1194,variant_1
order_1195,variant_3
order_1196,variant_1
order_1197,variant_1
order_1198,variant_1
order_1199,variant_1
order_12,variant_1
order_120,variant_1
order_1200,variant_1
order_1201,variant_1
order_1202,variant_7
order_1203,variant_1
order_1204,variant_2
order_1205,variant_1
order_1206,variant_3
order_1207,variant_1
order_1208,variant_1
order_1209,variant_2
order_121,variant_1
order_1210,variant_1
order_1211,variant_1
order_1212,variant_1
order_1213,variant_2
order_1214,variant_1
order_1215,variant_1
order_1216,variant_1
order_1217,variant_1
order_1218,variant_2
order_1219,variant_3
order_122,variant_1
order_1220,variant_1
order_1221,variant_1
order_1222,variant_5
order_1223,variant_1
order_1224,variant_2
order_1225,variant_1
order_1226,variant_1
order_1227,variant_2
order_1228,variant_1
order_1229,variant_1
order_123,variant_2
order_1230,variant_1
order_1231,variant_1
order_1232,variant_2
order_1233,variant_1
order_1234,variant_1
order_1235,variant_1
order_1236,variant_2
order_1237,variant_2
order_1238,variant_1
order_1239,variant_1
order_124,variant_2
order_1240,variant_1
order_1241,variant_1
order_1242,variant_1
order_1243,variant_1
order_1244,variant_1
order_1245,variant_1
order_1246,variant_2
order_1247,variant_2
order_1248,variant_1
order_1249,variant_1
order_125,variant_1
order_1250,variant_1
order_1251,variant_1
order_1252,variant_1
order_1253,variant_1
order_1254,variant_1
order_1255,variant_1
order_1256,variant_3
order_1257,variant_3
order_1258,variant_1
order_1259,variant_1
order_126,variant_3
order_1260,variant_3
order_1261,variant_1
order_1262,variant_2
order_1263,variant_3
order_1264,variant_4
order_1265,variant_1
order_1266,variant_1
order_1267,variant_2
order_1268,variant_1
order_1269,variant_2
order_127,variant_1
order_1270,variant_1
order_1271,variant_2
order_1272,variant_4
order_1273,variant_3
order_1274,variant_1
order_1275,variant_1
order_1276,variant_1
order_1277,variant_2
order_1278,variant_1
order_1279,variant_1
order_128,variant_1
order_1280,variant_1
order_1281,variant_1
order_1282,variant_1
order_1283,variant_2
order_1284,variant_2
order_1285,variant_1
order_1286,variant_1
order_1287,variant_5
order_1288,variant_1
order_1289,variant_2
order_129,variant_1
order_1290,variant_4
order_1291,variant_1
order_1292,variant_1
order_1293,variant_1
order_1294,variant_3
order_1295,variant_1
order_1296,variant_1
order_1297,variant_3
order_1298,variant_1
order_1299,variant_2
order_13,variant_1
order_130,variant_1
order_1300,variant_1
order_1301,variant_2
order_1302,variant_3
order_1303,variant_1
order_1304,variant_1
order_1305,variant_3
order_1306,variant_1
order_1307,variant_4
order_1308,variant_1
order_1309,variant_4
order_131,variant_2
order_1310,variant_5
order_1311,variant_6
order_1312,variant_2
order_1313,variant_1
order_1314,variant_1
order_1315,variant_1
order_1316,variant_1
order_1317,variant_1
order_1318,variant_1
order_1319,variant_1
order_132,variant_1
order_1320,variant_6
order_1321,variant_1
order_1322,variant_2
order_1323,variant_2
order_1324,variant_1
order_1325,variant_1
order_1326,variant_1
order_1327,variant_1
order_1328,variant_1
order_1329,variant_1
order_133,variant_1
order_1330,variant_2
order_1331,variant_1
order_1332,variant_3
order_1333,variant_1
order_1334,variant_1
order_1335,variant_1
order_1336,variant_2
order_1337,variant_2
order_1338,variant_4
order_1339,variant_1
order_134,variant_1
order_1340,variant_1
order_1341,variant_1
order_1342,variant_4
order_1343,variant_1
order_1344,variant_1
order_1345,variant_1
order_1346,variant_2
order_1347,variant_1
order_1348,variant_1
order_1349,variant_1
order_135,variant_1
order_1350,variant_2
order_1351,variant_2
order_1352,variant_3
order_1353,variant_1
order_1354,variant_1
order_1355,variant_1
order_1356,variant_1
order_1357,variant_1
order_1358,variant_1
order_1359,variant_1
order_136,variant_1
order_1360,variant_2
order_1361,variant_1
order_1362,variant_1
order_1363,variant_1
order_1364,variant_1
order_1365,variant_1
order_1366,variant_3
order_1367,variant_4
order_1368,variant_1
order_1369,variant_1
order_137,variant_1
order_1370,variant_1
order_1371,variant_1
order_1372,variant_2
order_1373,variant_1
order_1374,variant_1
order_1375,variant_1
order_1376,variant_1
order_1377,variant_1
order_1378,variant_2
order_1379,variant_1
order_138,variant_5
order_1380,variant_1
order_1381,variant_2
order_1382,variant_3
order_1383,variant_4
order_1384,variant_1
order_1385,variant_1
order_1386,variant_7
order_1387,variant_4
order_1388,variant_2
order_1389,variant_1
order_139,variant_1
order_1390,variant_1
order_1391,variant_3
order_1392,variant_1
order_1393,variant_2
order_1394,variant_1
order_1395,variant_2
order_1396,variant_1
order_1397,variant_1
order_1398,variant_1
order_1399,variant_1
order_14,variant_1
order_140,variant_2
order_1400,variant_1
order_1401,variant_1
order_1402,variant_2
order_1403,variant_3
order_1404,variant_1
order_1405,variant_4
order_1406,variant_2
order_1407,variant_1
order_1408,variant_1
order_1409,variant_1
order_141,variant_1
order_1410,variant_1
order_1411,variant_1
order_1412,variant_1
order_1413,variant_4
order_1414,variant_3
order_1415,variant_1
order_1416,variant_1
order_1417,variant_2
order_1418,variant_1
order_1419,variant_1
order_142,variant_1
order_1420,variant_1
order_1421,variant_4
order_1422,variant_1
order_1423,variant_1
order_1424,variant_1
order_1425,variant_3
order_1426,variant_1
order_1427,variant_2
order_1428,variant_1
order_1429,variant_1
order_143,variant_1
order_1430,variant_1
order_1431,variant_2
order_1432,variant_1
order_1433,variant_1
order_1434,variant_1
order_1435,variant_1
order_1436,variant_2
order_1437,variant_2
order_1438,variant_1
order_1439,variant_1
order_144,variant_1
order_1440,variant_1
order_1441,variant_1
order_1442,variant_1
order_1443,variant_5
order_1444,variant_1
order_1445,variant_2
order_1446,variant_3
order_1447,variant_1
order_1448,variant_1
order_1449,variant_1
order_145,variant_2
order_1450,variant_1
order_1451,variant_3
order_1452,variant_1
order_1453,variant_1
order_1454,variant_1
order_1455,variant_1
order_1456,variant_1
order_1457,variant_1
order_1458,variant_2
order_1459,variant_3
order_146,variant_1
order_1460,variant_1
order_1461,variant_1
order_1462,variant_4
order_1463,variant_2
order_1464,variant_2
order_1465,variant_2
order_1466,variant_3
order_1467,variant_3
order_1468,variant_1
order_1469,variant_1
order_147,variant_1
order_1470,variant_1
order_1471,variant_1
order_1472,variant_2
order_1473,variant_1
order_1474,variant_1
order_1475,variant_1
order_1476,variant_1
order_1477,variant_1
order_1478,variant_2
order_1479,variant_1
order_148,variant_3
order_1480,variant_5
order_1481,variant_1
order_1482,variant_1
order_1483,variant_4
order_1484,variant_2
order_1485,variant_1
order_1486,variant_2
order_1487,variant_1
order_1488,variant_1
order_1489,variant_4
order_149,variant_1
order_1490,variant_1
order_1491,variant_1
order_1492,variant_1
order_1493,variant_4
order_1494,variant_1
order_1495,variant_1
order_1496,variant_1
order_1497,variant_1
order_1498,variant_1
order_1499,variant_5
order_15,variant_1
order_150,variant_1
order_1500,variant_1
order_1501,variant_1
order_1502,variant_1
order_1503,variant_2
order_1504,variant_2
order_1505,variant_4
order_1506,variant_2
order_1507,variant_1
order_1508,variant_1
order_1509,variant_1
order_151,variant_1
order_1510,variant_1
order_1511,variant_1
order_1512,variant_1
order_1513,variant_3
order_1514,variant_1
order_1515,variant_1
order_1516,variant_1
order_1517,variant_1
order_1518,variant_2
order_1519,variant_1
order_152,variant_2
order_1520,variant_2
order_1521,variant_1
order_1522,variant_2
order_1523,variant_2
order_1524,variant_1
order_1525,variant_1
order_1526,variant_1
order_1527,variant_1
order_1528,variant_1
order_1529,variant_2
order_153,variant_1
order_1530,variant_1
order_1531,variant_1
order_1532,variant_2
order_1533,variant_2
order_1534,variant_1
order_1535,variant_3
order_1536,variant_1
order_1537,variant_1
order_1538,variant_1
order_1539,variant_3
order_154,variant_1
order_1540,variant_2
order_1541,variant_1
order_1542,variant_1
order_1543,variant_1
order_1544,variant_1
order_1545,variant_1
order_1546,variant_1
order_1547,variant_1
order_1548,variant_1
order_1549,variant_3
order_155,variant_1
order_1550,variant_2
order_1551,variant_1
order_1552,variant_2
order_1553,variant_1
order_1554,variant_4
order_1555,variant_1
order_1556,variant_1
order_1557,variant_2
order_1558,variant_1
order_1559,variant_1
order_156,variant_1
order_1560,variant_1
order_1561,variant_1
order_1562,variant_1
order_1563,variant_1
order_1564,variant_6
order_1565,variant_2
order_1566,variant_2
order_1567,variant_1
order_1568,variant_1
order_1569,variant_1
order_157,variant_1
order_1570,variant_3
order_1571,variant_2
order_1572,variant_1
order_1573,variant_2
order_1574,variant_1
order_1575,variant_1
order_1576,variant_3
order_1577,variant_2
order_1578,variant_1
order_1579,variant_1
order_158,variant_2
order_1580,variant_3
order_1581,variant_2
order_1582,variant_1
order_1583,variant_1
order_1584,variant_1
order_1585,variant_1
order_1586,variant_1
order_1587,variant_1
order_1588,variant_1
order_1589,variant_1
order_159,variant_4
order_1590,variant_1
order_1591,variant_2
order_1592,variant_4
order_1593,variant_1
order_1594,variant_1
order_1595,variant_1
order_1596,variant_1
order_1597,variant_1
order_1598,variant_2
order_1599,variant_1
order_16,variant_1
order_160,variant_1
order_1600,variant_2
order_1601,variant_2
order_1602,variant_2
order_1603,variant_1
order_1604,variant_1
order_1605,variant_1
order_1606,variant_1
order_1607,variant_1
order_1608,variant_6
order_1609,variant_1
order_161,variant_1
order_1610,variant_2
order_1611,variant_4
order_1612,variant_3
order_1613,variant_1
order_1614,variant_1
order_1615,variant_1
order_1616,variant_1
order_1617,variant_1
order_1618,variant_1
order_1619,variant_1
order_162,variant_6
order_1620,variant_1
order_1621,variant_2
order_1622,variant_1
order_1623,variant_5
order_1624,variant_1
order_1625,variant_1
order_1626,variant_1
order_1627,variant_1
order_1628,variant_1
order_1629,variant_1
order_163,variant_1
order_1630,variant_1
order_1631,variant_1
order_1632,variant_1
order_1633,variant_4
order_1634,variant_1
order_1635,variant_1
order_1636,variant_1
order_1637,variant_1
order_1638,variant_1
order_1639,variant_1
order_164,variant_1
order_1640,variant_1
order_1641,variant_3
order_1642,variant_1
order_1643,variant_1
order_1644,variant_1
order_1645,variant_2
order_1646,variant_1
order_1647,variant_2
order_1648,variant_3
order_1649,variant_1
order_165,variant_1
order_1650,variant_1
order_1651,variant_2
order_1652,variant_1
order_1653,variant_1
order_1654,variant_8
order_1655,variant_1
order_1656,variant_1
order_1657,variant_1
order_1658,variant_1
order_1659,variant_2
order_166,variant_1
order_1660,variant_1
order_1661,variant_1
order_1662,variant_3
order_1663,variant_1
order_1664,variant_1
order_1665,variant_1
order_1666,variant_1
order_1667,variant_1
order_1668,variant_1
order_1669,variant_1
order_167,variant_1
order_1670,variant_1
order_1671,variant_1
order_1672,variant_2
order_1673,variant_3
order_1674,variant_5
order_1675,variant_1
order_1676,variant_3
order_1677,variant_1
order_1678,variant_5
order_1679,variant_1
order_168,variant_2
order_1680,variant_1
order_1681,variant_1
order_1682,variant_2
order_1683,variant_1
order_1684,variant_1
order_1685,variant_1
order_1686,variant_1
order_1687,variant_2
order_1688,variant_1
order_1689,variant_4
order_169,variant_1
order_1690,variant_2
order_1691,variant_1
order_1692,variant_1
order_1693,variant_1
order_1694,variant_1
order_1695,variant_2
order_1696,variant_3
order_1697,variant_1
order_1698,variant_2
order_1699,variant_1
order_17,variant_1
order_170,variant_1
order_1700,variant_1
order_1701,variant_3
order_1702,variant_4
order_1703,variant_1
order_1704,variant_1
order_1705,variant_2
order_1706,variant_1
order_1707,variant_3
order_1708,variant_1
order_1709,variant_3
order_171,variant_4
order_1710,variant_3
order_1711,variant_1
order_1712,variant_3
order_1713,variant_4
order_1714,variant_2
order_1715,variant_1
order_1716,variant_2
order_1717,variant_2
order_1718,variant_2
order_1719,variant_1
order_172,variant_3
order_1720,variant_1
order_1721,variant_1
order_1722,variant_1
order_1723,variant_3
order_1724,variant_1
order_1725,variant_4
order_1726,variant_1
order_1727,variant_2
order_1728,variant_2
order_1729,variant_1
order_173,variant_1
order_1730,variant_1
order_1731,variant_1
order_1732,variant_2
order_1733,variant_1
order_1734,variant_1
order_1735,variant_2
order_1736,variant_4
order_1737,variant_1
order_1738,variant_1
order_1739,variant_4
order_174,variant_1
order_1740,variant_1
order_1741,variant_2
order_1742,variant_1
order_1743,variant_1
order_1744,variant_1
order_1745,variant_1
order_1746,variant_1
order_1747,variant_1
order_1748,variant_1
order_1749,variant_1
order_175,variant_1
order_1750,variant_2
order_1751,variant_1
order_1752,variant_1
order_1753,variant_1
order_1754,variant_1
order_1755,variant_1
order_1756,variant_1
order_1757,variant_2
order_1758,variant_5
order_1759,variant_4
order_176,variant_1
order_1760,variant_1
order_1761,variant_1
order_1762,variant_1
order_1763,variant_3
order_1764,variant_2
order_1765,variant_5
order_1766,variant_1
order_1767,variant_1
order_1768,variant_3
order_1769,variant_8
order_177,variant_1
order_1770,variant_1
order_1771,variant_1
order_1772,variant_1
order_1773,variant_1
order_1774,variant_1
order_1775,variant_1
order_1776,variant_1
order_1777,variant_1
order_1778,variant_1
order_1779,variant_1
order_178,variant_2
order_1780,variant_1
order_1781,variant_3
order_1782,variant_7
order_1783,variant_1
order_1784,variant_1
order_1785,variant_2
order_1786,variant_1
order_1787,variant_1
order_1788,variant_1
order_1789,variant_3
order_179,variant_1
order_1790,variant_1
order_1791,variant_1
order_1792,variant_1
order_1793,variant_3
order_1794,variant_1
order_1795,variant_4
order_1796,variant_1
order_1797,variant_1
order_1798,variant_1
order_1799,variant_1
order_18,variant_1
order_180,variant_1
order_1800,variant_1
order_1801,variant_2
order_1802,variant_1
order_1803,variant_1
order_1804,variant_2
order_1805,variant_1
order_1806,variant_1
order_1807,variant_1
order_1808,variant_1
order_1809,variant_2
order_181,variant_1
order_1810,variant_4
order_1811,variant_1
order_1812,variant_1
order_1813,variant_1
order_1814,variant_3
order_1815,variant_1
order_1816,variant_1
order_1817,variant_1
order_1818,variant_3
order_1819,variant_4
order_182,variant_1
order_1820,variant_1
order_1821,variant_4
order_1822,variant_3
order_1823,variant_3
order_1824,variant_1
order_1825,variant_1
order_1826,variant_1
order_1827,variant_1
order_1828,variant_1
order_1829,variant_2
order_183,variant_1
order_1830,variant_1
order_1831,variant_1
order_1832,variant_2
order_1833,variant_1
order_1834,variant_1
order_1835,variant_1
order_1836,variant_3
order_1837,variant_4
order_1838,variant_1
order_1839,variant_3
order_184,variant_1
order_1840,variant_1
order_1841,variant_2
order_1842,variant_1
order_1843,variant_1
order_1844,variant_1
order_1845,variant_2
order_1846,variant_1
order_1847,variant_2
order_1848,variant_1
order_1849,variant_1
order_185,variant_1
order_1850,variant_1
order_1851,variant_4
order_1852,variant_1
order_1853,variant_1
order_1854,variant_3
order_1855,variant_1
order_1856,variant_1
order_1857,variant_1
order_1858,variant_1
order_1859,variant_2
order_186,variant_2
order_1860,variant_1
order_1861,variant_5
order_1862,variant_1
order_1863,variant_1
order_1864,variant_4
order_1865,variant_1
order_1866,variant_1
order_1867,variant_1
order_1868,variant_1
order_1869,variant_1
order_187,variant_1
order_1870,variant_1
order_1871,variant_1
order_1872,variant_2
order_1873,variant_1
order_1874,variant_1
order_1875,variant_1
order_1876,variant_1
order_1877,variant_1
order_1878,variant_2
order_1879,variant_1
order_188,variant_1
order_1880,variant_1
order_1881,variant_6
order_1882,variant_1
order_1883,variant_3
order_1884,variant_2
order_1885,variant_1
order_1886,variant_1
order_1887,variant_1
order_1888,variant_1
order_1889,variant_1
order_189,variant_1
order_1890,variant_1
order_1891,variant_7
order_1892,variant_4
order_1893,variant_1
order_1894,variant_4
order_1895,variant_2
order_1896,variant_1
order_1897,variant_1
order_1898,variant_1
order_1899,variant_1
order_19,variant_1
order_190,variant_1
order_1900,variant_1
order_1901,variant_1
order_1902,variant_1
order_1903,variant_1
order_1904,variant_2
order_1905,variant_1
order_1906,variant_1
order_1907,variant_1
order_1908,variant_2
order_1909,variant_1
order_191,variant_1
order_1910,variant_3
order_1911,variant_1
order_1912,variant_1
order_1913,variant_1
order_1914,variant_1
order_1915,variant_1
order_1916,variant_1
order_1917,variant_1
order_1918,variant_1
order_1919,variant_4
order_192,variant_1
order_1920,variant_3
order_1921,variant_1
order_1922,variant_1
order_1923,variant_1
order_1924,variant_1
order_1925,variant_3
order_1926,variant_1
order_1927,variant_1
order_1928,variant_2
order_1929,variant_1
order_193,variant_2
order_1930,variant_3
order_1931,variant_1
order_1932,variant_1
order_1933,variant_2
order_1934,variant_1
order_1935,variant_2
order_1936,variant_1
order_1937,variant_1
order_1938,variant_1
order_1939,variant_1
order_194,variant_1
order_1940,variant_1
order_1941,variant_2
order_1942,variant_1
order_1943,variant_1
order_1944,variant_1
order_1945,variant_1
order_1946,variant_1
order_1947,variant_2
order_1948,variant_1
order_1949,variant_1
order_195,variant_1
order_1950,variant_1
order_1951,variant_1
order_1952,variant_1
order_1953,variant_1
order_1954,variant_1
order_1955,variant_1
order_1956,variant_1
order_1957,variant_1
order_1958,variant_1
order_1959,variant_2
order_196,variant_1
order_1960,variant_3
order_1961,variant_1
order_1962,variant_3
order_1963,variant_1
order_1964,variant_1
order_1965,variant_1
order_1966,variant_1
order_1967,variant_1
order_1968,variant_2
order_1969,variant_1
order_197,variant_1
order_1970,variant_1
order_1971,variant_1
order_1972,variant_3
order_1973,variant_4
order_1974,variant_1
order_1975,variant_1
order_1976,variant_1
order_1977,variant_1
order_1978,variant_2
order_1979,variant_1
order_198,variant_1
order_1980,variant_1
order_1981,variant_1
order_1982,variant_1
order_1983,variant_2
order_1984,variant_1
order_1985,variant_1
order_1986,variant_2
order_1987,variant_1
order_1988,variant_1
order_1989,variant_5
order_199,variant_2
order_1990,variant_2
order_1991,variant_1
order_1992,variant_1
order_1993,variant_1
order_1994,variant_1
order_1995,variant_2
order_1996,variant_1
order_1997,variant_1
order_1998,variant_1
order_1999,variant_1
order_2,variant_1
order_20,variant_1
order_200,variant_2
order_2000,variant_1
order_201,variant_1
order_202,variant_2
order_203,variant_1
order_204,variant_2
order_205,variant_1
order_206,variant_3
order_207,variant_1
order_208,variant_1
order_209,variant_1
order_21,variant_1
order_210,variant_6
order_211,variant_1
order_212,variant_2
order_213,variant_2
order_214,variant_1
order_215,variant_1
order_216,variant_1
order_217,variant_1
order_218,variant_2
order_219,variant_1
order_22,variant_1
order_220,variant_1
order_221,variant_1
order_222,variant_1
order_223,variant_2
order_224,variant_1
order_225,variant_1
order_226,variant_1
order_227,variant_3
order_228,variant_2
order_229,variant_1
order_23,variant_1
order_230,variant_1
order_231,variant_1
order_232,variant_1
order_233,variant_1
order_234,variant_4
order_235,variant_1
order_236,variant_3
order_237,variant_2
order_238,variant_4
order_239,variant_1
order_24,variant_1
order_240,variant_1
order_241,variant_5
order_242,variant_1
order_243,variant_1
order_244,variant_5
order_245,variant_2
order_246,variant_2
order_247,variant_1
order_248,variant_1
order_249,variant_2
order_25,variant_3
order_250,variant_1
order_251,variant_1
order_252,variant_1
order_253,variant_1
order_254,variant_1
order_255,variant_1
order_256,variant_1
order_257,variant_2
order_258,variant_3
order_259,variant_1
order_26,variant_1
order_260,variant_1
order_261,variant_1
order_262,variant_1
order_263,variant_1
order_264,variant_1
order_265,variant_1
order_266,variant_4
order_267,variant_1
order_268,variant_2
order_269,variant_1
order_27,variant_1
order_270,variant_1
order_271,variant_2
order_272,variant_1
order_273,variant_6
order_274,variant_1
order_275,variant_1
order_276,variant_1
order_277,variant_3
order_278,variant_1
order_279,variant_2
order_28,variant_1
order_280,variant_1
order_281,variant_1
order_282,variant_1
order_283,variant_3
order_284,variant_2
order_285,variant_1
order_286,variant_2
order_287,variant_2
order_288,variant_1
order_289,variant_1
order_29,variant_1
order_290,variant_1
order_291,variant_1
order_292,variant_1
order_293,variant_1
order_294,variant_1
order_295,variant_2
order_296,variant_1
order_297,variant_1
order_298,variant_1
order_299,variant_5
order_3,variant_1
order_30,variant_1
order_300,variant_1
order_301,variant_1
order_302,variant_1
order_303,variant_1
order_304,variant_1
order_305,variant_1
order_306,variant_2
order_307,variant_1
order_308,variant_1
order_309,variant_2
order_31,variant_1
order_310,variant_1
order_311,variant_2
order_312,variant_1
order_313,variant_1
order_314,variant_1
order_315,variant_1
order_316,variant_1
order_317,variant_2
order_318,variant_1
order_319,variant_1
order_32,variant_2
order_320,variant_1
order_321,variant_1
order_322,variant_2
order_323,variant_1
order_324,variant_1
order_325,variant_1
order_326,variant_1
order_327,variant_2
order_328,variant_2
order_329,variant_2
order_33,variant_4
order_330,variant_2
order_331,variant_1
order_332,variant_3
order_333,variant_3
order_334,variant_1
order_335,variant_2
order_336,variant_1
order_337,variant_1
order_338,variant_1
order_339,variant_6
order_34,variant_1
order_340,variant_3
order_341,variant_1
order_342,variant_4
order_343,variant_1
order_344,variant_2
order_345,variant_2
order_346,variant_1
order_347,variant_2
order_348,variant_2
order_349,variant_1
order_35,variant_2
order_350,variant_2
order_351,variant_1
order_352,variant_2
order_353,variant_3
order_354,variant_1
order_355,variant_1
order_356,variant_1
order_357,variant_3
order_358,variant_5
order_359,variant_1
order_36,variant_1
order_360,variant_2
order_361,variant_1
order_362,variant_1
order_363,variant_2
order_364,variant_1
order_365,variant_1
order_366,variant_1
order_367,variant_1
order_368,variant_4
order_369,variant_1
order_37,variant_3
order_370,variant_1
order_371,variant_1
order_372,variant_1
order_373,variant_1
order_374,variant_1
order_375,variant_1
order_376,variant_1
order_377,variant_1
order_378,variant_1
order_379,variant_1
order_38,variant_3
order_380,variant_2
order_381,variant_1
order_382,variant_1
order_383,variant_1
order_384,variant_3
order_385,variant_2
order_386,variant_2
order_387,variant_1
order_388,variant_1
order_389,variant_1
order_39,variant_2
order_390,variant_1
order_391,variant_3
order_392,variant_1
order_393,variant_3
order_394,variant_2
order_395,variant_1
order_396,variant_1
order_397,variant_1
order_398,variant_2
order_399,variant_1
order_4,variant_1
order_40,variant_1
order_400,variant_1
order_401,variant_4
order_402,variant_2
order_403,variant_1
order_404,variant_1
order_405,variant_1
order_406,variant_1
order_407,variant_1
order_408,variant_3
order_409,variant_2
order_41,variant_1
order_410,variant_1
order_411,variant_3
order_412,variant_1
order_413,variant_1
order_414,variant_1
order_415,variant_1
order_416,variant_1
order_417,variant_1
order_418,variant_4
order_419,variant_2
order_42,variant_2
order_420,variant_4
order_421,variant_1
order_422,variant_1
order_423,variant_5
order_424,variant_1
order_425,variant_2
order_426,variant_1
order_427,variant_1
order_428,variant_1
order_429,variant_2
order_43,variant_1
order_430,variant_1
order_431,variant_1
order_432,variant_1
order_433,variant_1
order_434,variant_1
order_435,variant_3
order_436,variant_1
order_437,variant_3
order_438,variant_2
order_439,variant_1
order_44,variant_2
order_440,variant_5
order_441,variant_1
order_442,variant_1
order_443,variant_1
order_444,variant_1
order_445,variant_3
order_446,variant_3
order_447,variant_1
order_448,variant_3
order_449,variant_1
order_45,variant_1
order_450,variant_1
order_451,variant_2
order_452,variant_1
order_453,variant_2
order_454,variant_1
order_455,variant_1
order_456,variant_4
order_457,variant_1
order_458,variant_1
order_459,variant_1
order_46,variant_1
order_460,variant_2
order_461,variant_1
order_462,variant_2
order_463,variant_2
order_464,variant_1
order_465,variant_1
order_466,variant_1
order_467,variant_2
order_468,variant_1
order_469,variant_2
order_47,variant_4
order_470,variant_2
order_471,variant_1
order_472,variant_1
order_473,variant_1
order_474,variant_2
order_475,variant_1
order_476,variant_2
order_477,variant_2
order_478,variant_1
order_479,variant_1
order_48,variant_3
order_480,variant_2
order_481,variant_2
order_482,variant_3
order_483,variant_5
order_484,variant_1
order_485,variant_1
order_486,variant_3
order_487,variant_2
order_488,variant_1
order_489,variant_1
order_49,variant_2
order_490,variant_2
order_491,variant_2
order_492,variant_1
order_493,variant_1
order_494,variant_4
order_495,variant_2
order_496,variant_2
order_497,variant_1
order_498,variant_1
order_499,variant_1
order_5,variant_1
order_50,variant_1
order_500,variant_2
order_501,variant_1
order_502,variant_1
order_503,variant_1
order_504,variant_1
order_505,variant_2
order_506,variant_1
order_507,variant_1
order_508,variant_1
order_509,variant_1
order_51,variant_1
order_510,variant_1
order_511,variant_4
order_512,variant_1
order_513,variant_2
order_514,variant_1
order_515,variant_1
order_516,variant_6
order_517,variant_3
order_518,variant_1
order_519,variant_1
order_52,variant_1
order_520,variant_1
order_521,variant_1
order_522,variant_1
order_523,variant_1
order_524,variant_1
order_525,variant_1
order_526,variant_1
order_527,variant_1
order_528,variant_2
order_529,variant_1
order_53,variant_1
order_530,variant_1
order_531,variant_3
order_532,variant_1
order_533,variant_4
order_534,variant_2
order_535,variant_1
order_536,variant_5
order_537,variant_1
order_538,variant_1
order_539,variant_1
order_54,variant_1
order_540,variant_1
order_541,variant_2
order_542,variant_1
order_543,variant_1
order_544,variant_1
order_545,variant_1
order_546,variant_1
order_547,variant_1
order_548,variant_2
order_549,variant_1
order_55,variant_1
order_550,variant_1
order_551,variant_1
order_552,variant_2
order_553,variant_4
order_554,variant_1
order_555,variant_1
order_556,variant_2
order_557,variant_1
order_558,variant_1
order_559,variant_1
order_56,variant_1
order_560,variant_2
order_561,variant_2
order_562,variant_1
order_563,variant_1
order_564,variant_1
order_565,variant_1
order_566,variant_1
order_567,variant_1
order_568,variant_2
order_569,variant_1
order_57,variant_1
order_570,variant_1
order_571,variant_1
order_572,variant_1
order_573,variant_4
order_574,variant_1
order_575,variant_1
order_576,variant_1
order_577,variant_1
order_578,variant_2
order_579,variant_1
order_58,variant_1
order_580,variant_1
order_581,variant_1
order_582,variant_1
order_583,variant_1
order_584,variant_1
order_585,variant_1
order_586,variant_3
order_587,variant_4
order_588,variant_2
order_589,variant_2
order_59,variant_1
order_590,variant_1
order_591,variant_1
order_592,variant_2
order_593,variant_1
order_594,variant_2
order_595,variant_1
order_596,variant_1
order_597,variant_1
order_598,variant_1
order_599,variant_4
order_6,variant_1
order_60,variant_2
order_600,variant_1
order_601,variant_1
order_602,variant_1
order_603,variant_2
order_604,variant_1
order_605,variant_1
order_606,variant_1
order_607,variant_2
order_608,variant_2
order_609,variant_1
order_61,variant_1
order_610,variant_1
order_611,variant_1
order_612,variant_2
order_613,variant_1
order_614,variant_2
order_615,variant_1
order_616,variant_1
order_617,variant_1
order_618,variant_3
order_619,variant_3
order_62,variant_5
order_620,variant_2
order_621,variant_1
order_622,variant_4
order_623,variant_1
order_624,variant_1
order_625,variant_1
order_626,variant_1
order_627,variant_1
order_628,variant_2
order_629,variant_2
order_63,variant_1
order_630,variant_1
order_631,variant_1
order_632,variant_1
order_633,variant_2
order_634,variant_1
order_635,variant_2
order_636,variant_1
order_637,variant_1
order_638,variant_2
order_639,variant_1
order_64,variant_1
order_640,variant_1
order_641,variant_1
order_642,variant_1
order_643,variant_2
order_644,variant_3
order_645,variant_1
order_646,variant_2
order_647,variant_1
order_648,variant_5
order_649,variant_3
order_65,variant_1
order_650,variant_1
order_651,variant_1
order_652,variant_2
order_653,variant_1
order_654,variant_2
order_655,variant_1
order_656,variant_2
order_657,variant_1
order_658,variant_1
order_659,variant_1
order_66,variant_1
order_660,variant_1
order_661,variant_1
order_662,variant_1
order_663,variant_3
order_664,variant_1
order_665,variant_1
order_666,variant_1
order_667,variant_1
order_668,variant_1
order_669,variant_1
order_67,variant_2
order_670,variant_1
order_671,variant_1
order_672,variant_1
order_673,variant_2
order_674,variant_4
order_675,variant_1
order_676,variant_3
order_677,variant_2
order_678,variant_1
order_679,variant_1
order_68,variant_1
order_680,variant_1
order_681,variant_2
order_682,variant_2
order_683,variant_1
order_684,variant_1
order_685,variant_1
order_686,variant_1
order_687,variant_2
order_688,variant_1
order_689,variant_2
order_69,variant_2
order_690,variant_1
order_691,variant_1
order_692,variant_2
order_693,variant_1
order_694,variant_1
order_695,variant_2
order_696,variant_2
order_697,variant_1
order_698,variant_2
order_699,variant_2
order_7,variant_2
order_70,variant_2
order_700,variant_4
order_701,variant_1
order_702,variant_1
order_703,variant_2
order_704,variant_1
order_705,variant_2
order_706,variant_3
order_707,variant_1
order_708,variant_1
order_709,variant_1
order_71,variant_1
order_710,variant_1
order_711,variant_1
order_712,variant_1
order_713,variant_2
order_714,variant_1
order_715,variant_3
order_716,variant_5
order_717,variant_1
order_718,variant_1
order_719,variant_1
order_72,variant_2
order_720,variant_2
order_721,variant_1
order_722,variant_1
order_723,variant_1
order_724,variant_2
order_725,variant_1
order_726,variant_1
order_727,variant_3
order_728,variant_1
order_729,variant_2
order_73,variant_1
order_730,variant_2
order_731,variant_4
order_732,variant_1
order_733,variant_1
order_734,variant_1
order_735,variant_2
order_736,variant_5
order_737,variant_1
order_738,variant_1
order_739,variant_2
order_74,variant_1
order_740,variant_1
order_741,variant_4
order_742,variant_1
order_743,variant_1
order_744,variant_1
order_745,variant_1
order_746,variant_4
order_747,variant_1
order_748,variant_1
order_749,variant_1
order_75,variant_1
order_750,variant_1
order_751,variant_1
order_752,variant_1
order_753,variant_1
order_754,variant_1
order_755,variant_1
order_756,variant_1
order_757,variant_2
order_758,variant_1
order_759,variant_4
order_76,variant_1
order_760,variant_1
order_761,variant_2
order_762,variant_1
order_763,variant_1
order_764,variant_1
order_765,variant_1
order_766,variant_3
order_767,variant_1
order_768,variant_1
order_769,variant_2
order_77,variant_1
order_770,variant_2
order_771,variant_1
order_772,variant_1
order_773,variant_1
order_774,variant_2
order_775,variant_1
order_776,variant_2
order_777,variant_3
order_778,variant_1
order_779,variant_4
order_78,variant_1
order_780,variant_1
order_781,variant_2
order_782,variant_1
order_783,variant_3
order_784,variant_1
order_785,variant_1
order_786,variant_2
order_787,variant_1
order_788,variant_2
order_789,variant_1
order_79,variant_1
order_790,variant_4
order_791,variant_2
order_792,variant_1
order_793,variant_1
order_794,variant_1
order_795,variant_1
order_796,variant_1
order_797,variant_2
order_798,variant_1
order_799,variant_1
order_8,variant_1
order_80,variant_1
order_800,variant_1
order_801,variant_1
order_802,variant_1
order_803,variant_1
order_804,variant_4
order_805,variant_1
order_806,variant_1
order_807,variant_1
order_808,variant_3
order_809,variant_1
order_81,variant_2
order_810,variant_1
order_811,variant_1
order_812,variant_2
order_813,variant_1
order_814,variant_1
order_815,variant_1
order_816,variant_4
order_817,variant_1
order_818,variant_1
order_819,variant_1
order_82,variant_1
order_820,variant_1
order_821,variant_3
order_822,variant_2
order_823,variant_1
order_824,variant_1
order_825,variant_2
order_826,variant_1
order_827,variant_1
order_828,variant_1
order_829,variant_1
order_83,variant_1
order_830,variant_1
order_831,variant_1
order_832,variant_2
order_833,variant_2
order_834,variant_3
order_835,variant_1
order_836,variant_1
order_837,variant_2
order_838,variant_2
order_839,variant_1
order_84,variant_3
order_840,variant_2
order_841,variant_3
order_842,variant_2
order_843,variant_1
order_844,variant_1
order_845,variant_1
order_846,variant_1
order_847,variant_4
order_848,variant_1
order_849,variant_2
order_85,variant_1
order_850,variant_2
order_851,variant_1
order_852,variant_2
order_853,variant_3
order_854,variant_1
order_855,variant_2
order_856,variant_1
order_857,variant_1
order_858,variant_3
order_859,variant_2
order_86,variant_1
order_860,variant_1
order_861,variant_1
order_862,variant_5
order_863,variant_1
order_864,variant_2
order_865,variant_2
order_866,variant_1
order_867,variant_2
order_868,variant_1
order_869,variant_1
order_87,variant_3
order_870,variant_2
order_871,variant_1
order_872,variant_3
order_873,variant_2
order_874,variant_3
order_875,variant_1
order_876,variant_2
order_877,variant_4
order_878,variant_1
order_879,variant_1
order_88,variant_2
order_880,variant_1
order_881,variant_1
order_882,variant_3
order_883,variant_4
order_884,variant_3
order_885,variant_2
order_886,variant_1
order_887,variant_4
order_888,variant_2
order_889,variant_4
order_89,variant_1
order_890,variant_1
order_891,variant_6
order_892,variant_1
order_893,variant_2
order_894,variant_5
order_895,variant_2
order_896,variant_1
order_897,variant_1
order_898,variant_1
order_899,variant_1
order_9,variant_1
order_90,variant_1
order_900,variant_2
order_901,variant_1
order_902,variant_1
order_903,variant_2
order_904,variant_1
order_905,variant_1
order_906,variant_1
order_907,variant_2
order_908,variant_3
order_909,variant_3
order_91,variant_2
order_910,variant_1
order_911,variant_3
order_912,variant_1
order_913,variant_1
order_914,variant_1
order_915,variant_2
order_916,variant_1
order_917,variant_1
order_918,variant_1
order_919,variant_1
order_92,variant_1
order_920,variant_1
order_921,variant_2
order_922,variant_1
order_923,variant_3
order_924,variant_1
order_925,variant_1
order_926,variant_4
order_927,variant_1
order_928,variant_1
order_929,variant_1
order_93,variant_1
order_930,variant_2
order_931,variant_2
order_932,variant_1
order_933,variant_2
order_934,variant_1
order_935,variant_1
order_936,variant_1
order_937,variant_1
order_938,variant_1
order_939,variant_1
order_94,variant_1
order_940,variant_3
order_941,variant_3
order_942,variant_2
order_943,variant_1
order_944,variant_1
order_945,variant_1
order_946,variant_1
order_947,variant_1
order_948,variant_1
order_949,variant_1
order_95,variant_1
order_950,variant_1
order_951,variant_1
order_952,variant_3
order_953,variant_2
order_954,variant_2
order_955,variant_3
order_956,variant_1
order_957,variant_1
order_958,variant_1
order_959,variant_3
order_96,variant_1
order_960,variant_1
order_961,variant_1
order_962,variant_2
order_963,variant_1
order_964,variant_1
order_965,variant_4
order_966,variant_1
order_967,variant_4
order_968,variant_1
order_969,variant_3
order_97,variant_1
order_970,variant_1
order_971,variant_3
order_972,variant_1
order_973,variant_3
order_974,variant_5
order_975,variant_1
order_976,variant_1
order_977,variant_1
order_978,variant_3
order_979,variant_3
order_98,variant_1
order_980,variant_1
order_981,variant_5
order_982,variant_1
order_983,variant_1
order_984,variant_1
order_985,variant_1
order_986,variant_2
order_987,variant_1
order_988,variant_2
order_989,variant_1
order_99,variant_1
order_990,variant_1
order_991,variant_1
order_992,variant_1
order_993,variant_2
order_994,variant_2
order_995,variant_1
order_996,variant_2
order_997,variant_1
order_998,variant_1
order_999,variant_1
